drone_x,drone_y,drone_z,drone_roll,drone_pitch,drone_yaw,drone_vx,drone_vy,drone_vz,drone_vroll,drone_vpitch,drone_vyaw,gate1_x,gate1_y,gate1_z,gate1_yaw,gate2_x,gate2_y,gate2_z,gate2_yaw,gate3_x,gate3_y,gate3_z,gate3_yaw,gate4_x,gate4_y,gate4_z,gate4_yaw,gate1_in_range,gate2_in_range,gate3_in_range,gate4_in_range,obstacle1_x,obstacle1_y,obstacle1_z,obstacle2_x,obstacle2_y,obstacle2_z,obstacle3_x,obstacle3_y,obstacle3_z,obstacle4_x,obstacle4_y,obstacle4_z,obstacle1_in_range,obstacle2_in_range,obstacle3_in_range,obstacle4_in_range,gate_id
1.0012835,0.93868244,0.054483,-0.01486769,0.075916596,-0.04770275,0.0060777497,-0.017296841,-0.04070552,-0.11527417,-1.9574971,0.44706938,0.45,-1.0,0.525,2.35,1.0,-1.55,1.0,-0.78,0.0,0.5,0.525,0.0,-0.5,-0.5,1.0,3.14,0.0,0.0,0.0,0.0,1.0,-0.5,1.05,0.5,-1.5,1.05,-0.5,0.0,1.05,0.0,1.0,1.05,0.0,0.0,0.0,0.0,0.0
1.0017769,0.9383995,0.053317282,-0.012927842,0.053013097,-0.038788874,0.020406168,-0.0069669955,-0.018694524,0.104738064,-0.18105371,0.057446104,0.45,-1.0,0.525,2.35,1.0,-1.55,1.0,-0.78,0.0,0.5,0.525,0.0,-0.5,-0.5,1.0,3.14,0.0,0.0,0.0,0.0,1.0,-0.5,1.05,0.5,-1.5,1.05,-0.5,0.0,1.05,0.0,1.0,1.05,0.0,0.0,0.0,0.0,0.0
1.0027252,0.93834895,0.053254344,-0.024560591,0.033705182,-0.03206359,0.030754536,0.0025712429,0.014540228,-0.3908286,-0.55698544,0.16605413,0.45,-1.0,0.525,2.35,1.0,-1.55,1.0,-0.78,0.0,0.5,0.525,0.0,-0.5,-0.5,1.0,3.14,0.0,0.0,0.0,0.0,1.0,-0.5,1.05,0.5,-1.5,1.05,-0.5,0.0,1.05,0.0,1.0,1.05,0.0,0.0,0.0,0.0,0.0
1.0041057,0.9389601,0.053214543,-0.043432895,0.025182707,-0.028018469,0.042286094,0.028061789,-0.012881022,-0.5601955,-0.16236408,0.11396296,0.45,-1.0,0.525,2.35,1.0,-1.55,1.0,-0.78,0.0,0.5,0.525,0.0,-0.5,-0.5,1.0,3.14,0.0,0.0,0.0,0.0,1.0,-0.5,1.05,0.5,-1.5,1.05,-0.5,0.0,1.05,0.0,1.0,1.05,0.0,0.0,0.0,0.0,0.0
1.005637,0.9403472,0.053272728,-0.054927435,-0.00047264932,-0.023948338,0.04113485,0.04906556,0.018205803,-0.2620809,-0.9100911,0.09381291,0.45,-1.0,0.525,2.35,1.0,-1.55,1.0,-0.78,0.0,0.5,0.525,0.0,-0.5,-0.5,1.0,3.14,0.0,0.0,0.0,0.0,1.0,-0.5,1.05,0.5,-1.5,1.05,-0.5,0.0,1.05,0.0,1.0,1.05,0.0,0.0,0.0,0.0,0.0
1.0070338,0.9421106,0.05414596,-0.054064568,-0.011807942,-0.02125128,0.042888653,0.0560724,0.013844896,0.001511455,-0.26347777,0.10212769,0.45,-1.0,0.525,2.35,1.0,-1.55,1.0,-0.78,0.0,0.5,0.525,0.0,-0.5,-0.5,1.0,3.14,0.0,0.0,0.0,0.0,1.0,-0.5,1.05,0.5,-1.5,1.05,-0.5,0.0,1.05,0.0,1.0,1.05,0.0,0.0,0.0,0.0,0.0
1.008196,0.94411784,0.05430672,-0.05453674,-0.024230806,-0.016100045,0.033391584,0.06314253,0.027769022,-0.06302505,-0.4202707,0.05071275,0.45,-1.0,0.525,2.35,1.0,-1.55,1.0,-0.78,0.0,0.5,0.525,0.0,-0.5,-0.5,1.0,3.14,0.0,0.0,0.0,0.0,1.0,-0.5,1.05,0.5,-1.5,1.05,-0.5,0.0,1.05,0.0,1.0,1.05,0.0,0.0,0.0,0.0,0.0
1.0093589,0.94683516,0.055826172,-0.0536147,-0.037744865,-0.0135291945,0.02876637,0.093819186,0.044177048,0.19839697,-0.29508,0.07932429,0.45,-1.0,0.525,2.35,1.0,-1.55,1.0,-0.78,0.0,0.5,0.525,0.0,-0.5,-0.5,1.0,3.14,0.0,0.0,0.0,0.0,1.0,-0.5,1.05,0.5,-1.5,1.05,-0.5,0.0,1.05,0.0,1.0,1.05,0.0,0.0,0.0,0.0,0.0
1.0096925,0.95015895,0.057125922,-0.05504595,-0.050389502,-0.010545549,-0.0058679334,0.10639483,0.049229562,-0.2123627,-0.44207144,0.020810893,0.45,-1.0,0.525,2.35,1.0,-1.55,1.0,-0.78,0.0,0.5,0.525,0.0,-0.5,-0.5,1.0,3.14,0.0,0.0,0.0,0.0,1.0,-0.5,1.05,0.5,-1.5,1.05,-0.5,0.0,1.05,0.0,1.0,1.05,0.0,0.0,0.0,0.0,0.0
1.0087781,0.953716,0.05940766,-0.061229717,-0.048104495,-0.0090651885,-0.03362021,0.11515703,0.07676446,-0.19413424,0.27052346,0.050360598,0.45,-1.0,0.525,2.35,1.0,-1.55,1.0,-0.78,0.0,0.5,0.525,0.0,-0.5,-0.5,1.0,3.14,0.0,0.0,0.0,0.0,1.0,-0.5,1.05,0.5,-1.5,1.05,-0.5,0.0,1.05,0.0,1.0,1.05,0.0,0.0,0.0,0.0,0.0
1.0075221,0.95824176,0.06195885,-0.062598474,-0.05553358,-0.0077085174,-0.039713625,0.15388575,0.076664746,0.023949355,-0.36306098,0.03861627,0.45,-1.0,0.525,2.35,1.0,-1.55,1.0,-0.78,0.0,0.5,0.525,0.0,-0.5,-0.5,1.0,3.14,0.0,0.0,0.0,0.0,1.0,-0.5,1.05,0.5,-1.5,1.05,-0.5,0.0,1.05,0.0,1.0,1.05,0.0,0.0,0.0,0.0,0.0
1.005853,0.96350497,0.064637125,-0.04446745,-0.05006547,-0.0060789254,-0.06057576,0.15802287,0.07512486,0.64925057,0.28142592,0.074678056,0.45,-1.0,0.525,2.35,1.0,-1.55,1.0,-0.78,0.0,0.5,0.525,0.0,-0.5,-0.5,1.0,3.14,0.0,0.0,0.0,0.0,1.0,-0.5,1.05,0.5,-1.5,1.05,-0.5,0.0,1.05,0.0,1.0,1.05,0.0,0.0,0.0,0.0,0.0
1.0037785,0.9694919,0.06734999,-0.03351679,-0.034903783,-0.005119998,-0.06313214,0.19687003,0.09578276,0.16435894,0.47722566,0.040168133,0.45,-1.0,0.525,2.35,1.0,-1.55,1.0,-0.78,0.0,0.5,0.525,0.0,-0.5,-0.5,1.0,3.14,0.0,0.0,0.0,0.0,1.0,-0.5,1.05,0.5,-1.5,1.05,-0.5,0.0,1.05,0.0,1.0,1.05,0.0,0.0,0.0,0.0,0.0
1.0014892,0.9764305,0.07106239,-0.03059322,-0.036739606,-0.0036800276,-0.07941921,0.2181097,0.11068253,0.10269184,-0.2962774,0.041486602,0.45,-1.0,0.525,2.35,1.0,-1.55,1.0,-0.78,0.0,0.5,0.525,0.0,-0.5,-0.5,1.0,3.14,0.0,0.0,0.0,0.0,1.0,-0.5,1.05,0.5,-1.5,1.05,-0.5,0.0,1.05,0.0,1.0,1.05,0.0,0.0,0.0,0.0,0.0
0.9988461,0.9835066,0.07441656,-0.0211812,-0.041127488,-0.0028026649,-0.08936619,0.2197358,0.10827815,0.36950073,-0.07250591,0.032858793,0.45,-1.0,0.525,2.35,1.0,-1.55,1.0,-0.78,0.0,0.5,0.525,0.0,-0.5,-0.5,1.0,3.14,0.0,0.0,0.0,0.0,1.0,-0.5,1.05,0.5,-1.5,1.05,-0.5,0.0,1.05,0.0,1.0,1.05,0.0,0.0,0.0,0.0,0.0
0.99575233,0.9911075,0.07870892,-0.013015764,-0.01947514,-0.0023663742,-0.09102285,0.22632986,0.14271535,0.18989016,0.8463171,0.017028376,0.45,-1.0,0.525,2.35,1.0,-1.55,1.0,-0.78,0.0,0.5,0.525,0.0,-0.5,-0.5,1.0,3.14,0.0,0.0,0.0,0.0,1.0,-0.5,1.05,0.5,-1.5,1.05,-0.5,0.0,1.05,0.0,1.0,1.05,0.0,0.0,0.0,0.0,0.0
0.992731,0.99906635,0.08408166,-0.007673666,-0.0029742445,-0.0019643805,-0.08044895,0.24055356,0.16302061,0.15374245,0.31706214,0.008216751,0.45,-1.0,0.525,2.35,1.0,-1.55,1.0,-0.78,0.0,0.5,0.525,0.0,-0.5,-0.5,1.0,3.14,0.0,0.0,0.0,0.0,1.0,-0.5,1.05,0.5,-1.5,1.05,-0.5,0.0,1.05,0.0,1.0,1.05,0.0,0.0,0.0,0.0,0.0
0.9900629,1.0069978,0.09019238,0.0072470508,-0.0036888465,-0.0030268552,-0.08791054,0.2517832,0.21001045,0.590743,-0.1289037,0.026250413,0.45,-1.0,0.525,2.35,1.0,-1.55,1.0,-0.78,0.0,0.5,0.525,0.0,-0.5,-0.5,1.0,3.14,0.0,0.0,0.0,0.0,1.0,-0.5,1.05,0.5,-1.5,1.05,-0.5,0.0,1.05,0.0,1.0,1.05,0.0,0.0,0.0,0.0,0.0
0.98710245,1.0157442,0.09817913,0.022549935,0.012032438,-0.0025719348,-0.07983163,0.25837165,0.2602748,0.40097955,0.6514907,-0.004993702,0.45,-1.0,0.525,2.35,1.0,-1.55,1.0,-0.78,0.0,0.5,0.525,0.0,-0.5,-0.5,1.0,3.14,0.0,0.0,0.0,0.0,1.0,-0.5,1.05,0.5,-1.5,1.05,-0.5,0.0,1.05,0.0,1.0,1.05,0.0,0.0,0.0,0.0,0.0
0.9844283,1.0245256,0.10785685,0.029842496,0.029343458,-0.0019683416,-0.077184595,0.26187944,0.30455285,0.1024896,0.46853244,-0.002003847,0.45,-1.0,0.525,2.35,1.0,-1.55,1.0,-0.78,0.0,0.5,0.525,0.0,-0.5,-0.5,1.0,3.14,0.0,0.0,0.0,0.0,1.0,-0.5,1.05,0.5,-1.5,1.05,-0.5,0.0,1.05,0.0,1.0,1.05,0.0,0.0,0.0,0.0,0.0
0.9821189,1.0325751,0.11791886,0.03343634,0.036019523,-0.0017326389,-0.06145066,0.24395368,0.3239489,0.049716204,0.046858527,0.012230703,0.45,-1.0,0.525,2.35,1.0,-1.55,1.0,-0.78,0.0,0.5,0.525,0.0,-0.5,-0.5,1.0,3.14,0.0,0.0,0.0,0.0,1.0,-0.5,1.05,0.5,-1.5,1.05,-0.5,0.0,1.05,0.0,1.0,1.05,0.0,0.0,0.0,0.0,0.0
0.9800538,1.0409638,0.12822956,0.038130753,0.024173366,-0.0014950827,-0.06920646,0.23954536,0.27964038,0.2047237,-0.5497119,0.026685413,0.45,-1.0,0.525,2.35,1.0,-1.55,1.0,-0.78,0.0,0.5,0.525,0.0,-0.5,-0.5,1.0,3.14,0.0,0.0,0.0,0.0,1.0,-0.5,1.05,0.5,-1.5,1.05,-0.5,0.0,1.05,0.0,1.0,1.05,0.0,0.0,0.0,0.0,0.0
0.9783307,1.0487523,0.13797076,0.05237504,0.021634923,-0.00016025534,-0.045994624,0.21964496,0.30229038,0.47324863,0.053930383,-0.0017309025,0.45,-1.0,0.525,2.35,1.0,-1.55,1.0,-0.78,0.0,0.5,0.525,0.0,-0.5,-0.5,1.0,3.14,0.0,0.0,0.0,0.0,1.0,-0.5,1.05,0.5,-1.5,1.05,-0.5,0.0,1.05,0.0,1.0,1.05,0.0,0.0,0.0,0.0,0.0
0.97709936,1.0560119,0.1480568,0.056597196,0.027616253,-0.0008723184,-0.026896577,0.22413793,0.3263964,0.03281604,0.27885467,-0.012521779,0.45,-1.0,0.525,2.35,1.0,-1.55,1.0,-0.78,0.0,0.5,0.525,0.0,-0.5,-0.5,1.0,3.14,0.0,0.0,0.0,0.0,1.0,-0.5,1.05,0.5,-1.5,1.05,-0.5,0.0,1.05,0.0,1.0,1.05,0.0,0.0,0.0,0.0,0.0
0.9765246,1.0633494,0.15895416,0.077126734,0.041115668,-0.00014460944,-0.009528004,0.20248744,0.30445966,1.0451627,0.49242347,-0.007957143,0.45,-1.0,0.525,2.35,1.0,-1.55,1.0,-0.78,0.0,0.5,0.525,0.0,-0.5,-0.5,1.0,3.14,0.0,0.0,0.0,0.0,1.0,-0.5,1.05,0.5,-1.5,1.05,-0.5,0.0,1.05,0.0,1.0,1.05,0.0,0.0,0.0,0.0,0.0
0.97658145,1.0698016,0.16986935,0.094057314,0.036905,0.00047870123,0.0066972254,0.17579994,0.33821964,0.28380615,-0.35151318,0.019718032,0.45,-1.0,0.525,2.35,1.0,-1.55,1.0,-0.78,0.0,0.5,0.525,0.0,-0.5,-0.5,1.0,3.14,0.0,0.0,0.0,0.0,1.0,-0.5,1.05,0.5,-1.5,1.05,-0.5,0.0,1.05,0.0,1.0,1.05,0.0,0.0,0.0,0.0,0.0
0.976553,1.0748132,0.18049598,0.095492765,0.022563,0.001133646,-0.0057780775,0.14210272,0.31810448,-0.045796793,-0.39418152,0.06286797,0.45,-1.0,0.525,2.35,1.0,-1.55,1.0,-0.78,0.0,0.5,0.525,0.0,-0.5,-0.5,1.0,3.14,0.0,0.0,0.0,0.0,1.0,-0.5,1.05,0.5,-1.5,1.05,-0.5,0.0,1.05,0.0,1.0,1.05,0.0,0.0,0.0,0.0,0.0
0.9758807,1.0791945,0.1914699,0.08973873,0.0079519795,0.0014889332,-0.015963186,0.12467923,0.32286844,-0.21298274,-0.35754132,0.013812745,0.45,-1.0,0.525,2.35,1.0,-1.55,1.0,-0.78,0.0,0.5,0.525,0.0,-0.5,-0.5,1.0,3.14,0.0,0.0,0.0,0.0,1.0,-0.5,1.05,0.5,-1.5,1.05,-0.5,0.0,1.05,0.0,1.0,1.05,0.0,0.0,0.0,0.0,0.0
0.9756316,1.0825386,0.20228133,0.095850125,0.019307043,0.003838937,-0.0052657025,0.071606696,0.3240749,0.36023355,0.6314665,-0.056362588,0.45,-1.0,0.525,2.35,1.0,-1.55,1.0,-0.78,0.0,0.5,0.525,0.0,-0.5,-0.5,1.0,3.14,0.0,0.0,0.0,0.0,1.0,-0.5,1.05,0.5,-1.5,1.05,-0.5,0.0,1.05,0.0,1.0,1.05,0.0,0.0,0.0,0.0,0.0
0.97501683,1.0843667,0.21319297,0.11338341,0.0327443,0.003307257,-0.0261095,0.035387266,0.35731515,0.6305738,0.3844311,-0.046322193,0.45,-1.0,0.525,2.35,1.0,-1.55,1.0,-0.78,0.0,0.5,0.525,0.0,-0.5,-0.5,1.0,3.14,0.0,0.0,0.0,0.0,1.0,-0.5,1.05,0.5,-1.5,1.05,-0.5,0.0,1.05,0.0,1.0,1.05,0.0,0.0,0.0,0.0,0.0
0.9737215,1.0852339,0.22492528,0.12566756,0.039248236,0.002814772,-0.03799126,0.01758616,0.3269286,0.2895787,0.108690836,-0.016329577,0.45,-1.0,0.525,2.35,1.0,-1.55,1.0,-0.78,0.0,0.5,0.525,0.0,-0.5,-0.5,1.0,3.14,0.0,0.0,0.0,0.0,1.0,-0.5,1.05,0.5,-1.5,1.05,-0.5,0.0,1.05,0.0,1.0,1.05,0.0,0.0,0.0,0.0,0.0
0.9723364,1.0855484,0.23540552,0.11721938,0.027395107,0.0020043973,-0.037751336,0.0006243798,0.29116672,-0.5153829,-0.54566854,0.025472522,0.45,-1.0,0.525,2.35,1.0,-1.55,1.0,-0.78,0.0,0.5,0.525,0.0,-0.5,-0.5,1.0,3.14,0.0,0.0,0.0,0.0,1.0,-0.5,1.05,0.5,-1.5,1.05,-0.5,0.0,1.05,0.0,1.0,1.05,0.0,0.0,0.0,0.0,0.0
0.9714051,1.0847718,0.24533033,0.10671162,0.023544334,0.0027035242,-0.023904208,-0.04732292,0.33163098,-0.28715745,-0.021042038,-0.008923827,0.45,-1.0,0.525,2.35,1.0,-1.55,1.0,-0.78,0.0,0.5,0.525,0.0,-0.5,-0.5,1.0,3.14,0.0,0.0,0.0,0.0,1.0,-0.5,1.05,0.5,-1.5,1.05,-0.5,0.0,1.05,0.0,1.0,1.05,0.0,0.0,0.0,0.0,0.0
0.97063345,1.0826125,0.25607595,0.098644845,0.016094187,0.0022127104,-0.025130272,-0.0698026,0.30310085,-0.1432824,-0.30128643,0.015351939,0.45,-1.0,0.525,2.35,1.0,-1.55,1.0,-0.78,0.0,0.5,0.525,0.0,-0.5,-0.5,1.0,3.14,0.0,0.0,0.0,0.0,1.0,-0.5,1.05,0.5,-1.5,1.05,-0.5,0.0,1.05,0.0,1.0,1.05,0.0,0.0,0.0,0.0,0.0
0.9696304,1.0795972,0.26552933,0.09695811,0.009913962,0.0019776197,-0.024457427,-0.101253584,0.2641976,0.012455493,-0.106287956,0.011689313,0.45,-1.0,0.525,2.35,1.0,-1.55,1.0,-0.78,0.0,0.5,0.525,0.0,-0.5,-0.5,1.0,3.14,0.0,0.0,0.0,0.0,1.0,-0.5,1.05,0.5,-1.5,1.05,-0.5,0.0,1.05,0.0,1.0,1.05,0.0,0.0,0.0,0.0,0.0
0.9693717,1.0754889,0.27486068,0.09950936,0.023027126,0.0028279119,0.0077369628,-0.14523405,0.29742333,0.07770569,0.5176448,-0.06888476,0.45,-1.0,0.525,2.35,1.0,-1.55,1.0,-0.78,0.0,0.5,0.525,0.0,-0.5,-0.5,1.0,3.14,0.0,0.0,0.0,0.0,1.0,-0.5,1.05,0.5,-1.5,1.05,-0.5,0.0,1.05,0.0,1.0,1.05,0.0,0.0,0.0,0.0,0.0
0.9696691,1.070436,0.28476375,0.10149993,0.044602428,0.0036478986,0.0097687645,-0.17683573,0.3197946,0.02678567,0.6059023,-0.08860783,0.45,-1.0,0.525,2.35,1.0,-1.55,1.0,-0.78,0.0,0.5,0.525,0.0,-0.5,-0.5,1.0,3.14,0.0,0.0,0.0,0.0,1.0,-0.5,1.05,0.5,-1.5,1.05,-0.5,0.0,1.05,0.0,1.0,1.05,0.0,0.0,0.0,0.0,0.0
0.97015786,1.0636572,0.29619914,0.11340755,0.06628748,0.0026616855,0.022529049,-0.21118931,0.347849,0.45840853,0.60212123,-0.056242924,0.45,-1.0,0.525,2.35,1.0,-1.55,1.0,-0.78,0.0,0.5,0.525,0.0,-0.5,-0.5,1.0,3.14,0.0,0.0,0.0,0.0,1.0,-0.5,1.05,0.5,-1.5,1.05,-0.5,0.0,1.05,0.0,1.0,1.05,0.0,0.0,0.0,0.0,0.0
0.97172403,1.0559757,0.30757228,0.1275531,0.069630586,0.0020890783,0.067562476,-0.24794078,0.31000647,0.37465453,-0.093599096,-0.007197625,0.45,-1.0,0.525,2.35,1.0,-1.55,1.0,-0.78,0.0,0.5,0.525,0.0,-0.5,-0.5,1.0,3.14,0.0,0.0,0.0,0.0,1.0,-0.5,1.05,0.5,-1.5,1.05,-0.5,0.0,1.05,0.0,1.0,1.05,0.0,0.0,0.0,0.0,0.0
0.9742743,1.0474758,0.31705824,0.13394313,0.058113117,0.0015221229,0.082644105,-0.2790737,0.28425175,0.08575703,-0.380906,0.060591467,0.45,-1.0,0.525,2.35,1.0,-1.55,1.0,-0.78,0.0,0.5,0.525,0.0,-0.5,-0.5,1.0,3.14,0.0,0.0,0.0,0.0,1.0,-0.5,1.05,0.5,-1.5,1.05,-0.5,0.0,1.05,0.0,1.0,1.05,0.0,0.0,0.0,0.0,0.0
0.97722006,1.0373025,0.32651854,0.14037232,0.042671677,0.0012259575,0.08411079,-0.33337504,0.27560252,0.17158523,-0.4247324,0.04505599,0.45,-1.0,0.525,2.35,1.0,-1.55,1.0,-0.78,0.0,0.5,0.525,0.0,-0.5,-0.5,1.0,3.14,0.0,0.0,0.0,0.0,1.0,-0.5,1.05,0.5,-1.5,1.05,-0.5,0.0,1.05,0.0,1.0,1.05,0.0,0.0,0.0,0.0,0.0
0.9802903,1.0249842,0.33596027,0.15797934,0.029785868,0.0012222936,0.09513666,-0.39229935,0.27205372,0.6795636,-0.37217593,0.040608145,0.45,-1.0,0.525,2.35,1.0,-1.55,1.0,-0.78,0.0,0.5,0.525,0.0,-0.5,-0.5,1.0,3.14,0.0,0.0,0.0,0.0,1.0,-0.5,1.05,0.5,-1.5,1.05,-0.5,0.0,1.05,0.0,1.0,1.05,0.0,0.0,0.0,0.0,0.0
0.98357725,1.0115788,0.34515762,0.18060866,0.018979413,0.0012744216,0.10820726,-0.44893882,0.30585545,0.6866509,-0.289604,0.05495335,0.45,-1.0,0.525,2.35,1.0,-1.55,1.0,-0.78,0.0,0.5,0.525,0.0,-0.5,-0.5,1.0,3.14,0.0,0.0,0.0,0.0,1.0,-0.5,1.05,0.5,-1.5,1.05,-0.5,0.0,1.05,0.0,1.0,1.05,0.0,0.0,0.0,0.0,0.0
0.987367,0.9950542,0.3562083,0.18156302,0.008237423,0.001612425,0.1158539,-0.5207514,0.33453622,-0.25633028,-0.29151973,0.06419185,0.45,-1.0,0.525,2.35,1.0,-1.55,1.0,-0.78,0.0,0.5,0.525,0.0,-0.5,-0.5,1.0,3.14,0.0,0.0,0.0,0.0,1.0,-0.5,1.05,0.5,-1.5,1.05,-0.5,0.0,1.05,0.0,1.0,1.05,0.0,0.0,0.0,0.0,0.0
0.9912538,0.97652054,0.3680436,0.17493285,-0.0011976126,0.001905579,0.12593041,-0.5747772,0.3489233,-0.16212818,-0.2690565,0.06431894,0.45,-1.0,0.525,2.35,1.0,-1.55,1.0,-0.78,0.0,0.5,0.525,0.0,-0.5,-0.5,1.0,3.14,0.0,0.0,0.0,0.0,1.0,-0.5,1.05,0.5,-1.5,1.05,-0.5,0.0,1.05,0.0,1.0,1.05,0.0,0.0,0.0,0.0,0.0
0.99527097,0.9568226,0.37972316,0.18219224,-0.009895554,0.001515685,0.11964066,-0.649368,0.3769296,0.3667006,-0.23540151,0.02562261,0.45,-1.0,0.525,2.35,1.0,-1.55,1.0,-0.78,0.0,0.5,0.525,0.0,-0.5,-0.5,1.0,3.14,0.0,0.0,0.0,0.0,1.0,-0.5,1.05,0.5,-1.5,1.05,-0.5,0.0,1.05,0.0,1.0,1.05,0.0,0.0,0.0,0.0,0.0
0.9995779,0.93379045,0.392338,0.18487513,-0.014800906,0.0017841966,0.12695676,-0.70450675,0.3614723,-0.00565716,-0.1252532,0.00097334635,0.45,-1.0,0.525,2.35,1.0,-1.55,1.0,-0.78,0.0,0.5,0.525,0.0,-0.5,-0.5,1.0,3.14,0.0,0.0,0.0,0.0,1.0,-0.5,1.05,0.5,-1.5,1.05,-0.5,0.0,1.05,0.0,1.0,1.05,0.0,0.0,0.0,0.0,0.0
1.0038036,0.9090309,0.4034787,0.17950931,-0.022381887,0.0023312962,0.13528717,-0.7494398,0.29494104,-0.3117866,-0.2389362,0.07615082,0.45,-1.0,0.525,2.35,1.0,-1.55,1.0,-0.78,0.0,0.5,0.525,0.0,-0.5,-0.5,1.0,3.14,0.0,0.0,0.0,0.0,1.0,-0.5,1.05,0.5,-1.5,1.05,-0.5,0.0,1.05,0.0,1.0,1.05,0.0,0.0,0.0,0.0,0.0
1.0079515,0.8839702,0.4131416,0.16450639,-0.0058504,0.0028581622,0.11494001,-0.818931,0.3076877,-0.41912657,0.73229074,-0.15935685,0.45,-1.0,0.525,2.35,1.0,-1.55,1.0,-0.78,0.0,0.5,0.525,0.0,-0.5,-0.5,1.0,3.14,0.0,0.0,0.0,0.0,1.0,-0.5,1.05,0.5,-1.5,1.05,-0.5,0.0,1.05,0.0,1.0,1.05,0.0,0.0,0.0,0.0,0.0
1.0117776,0.85523874,0.42455268,0.14573492,-0.007357038,0.0016232829,0.111913174,-0.86202914,0.3558138,-0.6705433,-0.23915079,0.033883348,0.45,-1.0,0.525,2.35,1.0,-1.55,1.0,-0.78,0.0,0.5,0.525,0.0,-0.5,-0.5,1.0,3.14,0.0,0.0,0.0,0.0,1.0,-0.5,1.05,0.5,-1.5,1.05,-0.5,0.0,1.05,0.0,1.0,1.05,0.0,0.0,0.0,0.0,0.0
1.0158023,0.8249487,0.43672606,0.13529922,-0.017820818,0.0012683293,0.12657201,-0.91803825,0.3668381,-0.12235242,-0.36368966,0.098162346,0.45,-1.0,0.525,2.35,1.0,-1.55,1.0,-0.78,0.0,0.5,0.525,0.0,-0.5,-0.5,1.0,3.14,0.0,0.0,0.0,0.0,1.0,-0.5,1.05,0.5,-1.5,1.05,-0.5,0.0,1.05,0.0,1.0,1.05,0.0,0.0,0.0,0.0,0.0
1.0196612,0.7948517,0.44817433,0.1176276,-0.02825827,0.0015287066,0.12201708,-0.95578295,0.34238753,-0.7417983,-0.31261054,0.042666424,0.45,-1.0,0.525,2.35,1.0,-1.55,1.0,-0.78,0.0,0.5,0.525,0.0,-0.5,-0.5,1.0,3.14,0.0,0.0,0.0,0.0,1.0,-0.5,1.05,0.5,-1.5,1.05,-0.5,0.0,1.05,0.0,1.0,1.05,0.0,0.0,0.0,0.0,0.0
1.0235913,0.76170284,0.45953685,0.09793196,-0.033491414,0.0014278644,0.104097515,-0.9892396,0.32341135,-0.6080812,-0.084510446,-0.021946864,0.45,-1.0,0.525,2.35,1.0,-1.55,1.0,-0.78,0.0,0.5,0.525,0.0,-0.5,-0.5,1.0,3.14,0.0,0.0,0.0,0.0,1.0,-0.5,1.05,0.5,-1.5,1.05,-0.5,0.0,1.05,0.0,1.0,1.05,0.0,0.0,0.0,0.0,0.0
1.0270492,0.72701716,0.47065043,0.07691849,-0.03490661,0.001814294,0.10075943,-1.038814,0.34107283,-0.6452643,0.03845935,0.009538892,0.45,-1.0,0.525,2.35,1.0,-1.55,1.0,-0.78,0.0,0.5,0.525,0.0,-0.5,-0.5,1.0,3.14,0.0,0.0,0.0,0.0,1.0,-0.5,1.05,0.5,-1.5,1.05,-0.5,0.0,1.05,0.0,1.0,1.05,0.0,0.0,0.0,0.0,0.0
1.0297356,0.69320273,0.48196065,0.067958474,-0.03361489,0.0010081447,0.07523666,-1.0760819,0.3551286,-0.08869361,0.07830874,-0.014763191,0.45,-1.0,0.525,2.35,1.0,-1.55,1.0,-0.78,0.0,0.5,0.525,0.0,-0.5,-0.5,1.0,3.14,0.0,0.0,0.0,0.0,1.0,-0.5,1.05,0.5,-1.5,1.05,-0.5,0.0,1.05,0.0,1.0,1.05,0.0,0.0,0.0,0.0,0.0
1.0320027,0.6563702,0.49380818,0.049540628,-0.015861182,0.0012024741,0.06278035,-1.0963787,0.33670318,-0.82487357,0.63267606,-0.044980597,0.45,-1.0,0.525,2.35,1.0,-1.55,1.0,-0.78,0.0,0.5,0.525,0.0,-0.5,-0.5,1.0,3.14,0.0,0.0,0.0,0.0,1.0,-0.5,1.05,0.5,-1.5,1.05,-0.5,0.0,1.05,0.0,1.0,1.05,0.0,0.0,0.0,0.0,0.0
1.0336761,0.61856246,0.50450826,0.029593538,-0.012791369,0.00020502233,0.043942343,-1.115688,0.29381606,-0.5008585,-0.21388029,0.017080955,0.45,-1.0,0.525,2.35,1.0,-1.55,1.0,-0.78,0.0,0.5,0.525,0.0,-0.5,-0.5,1.0,3.14,0.0,0.0,0.0,0.0,1.0,-0.5,1.05,0.5,-1.5,1.05,-0.5,0.0,1.05,0.0,1.0,1.05,0.0,0.0,0.0,0.0,0.0
1.035105,0.5828277,0.5129358,0.011711469,-0.025868183,0.0003977144,0.049022365,-1.1138152,0.23879139,-0.5730611,-0.55639964,0.031942204,0.45,-1.0,0.525,2.35,1.0,-1.55,1.0,-0.78,0.0,0.5,0.525,0.0,-0.5,-0.5,1.0,3.14,0.0,0.0,0.0,0.0,1.0,-0.5,1.05,0.5,-1.5,1.05,-0.5,0.0,1.05,0.0,1.0,1.05,0.0,0.0,0.0,0.0,0.0
1.0366101,0.54440844,0.5207853,0.0072458205,-0.04093436,0.00046484446,0.037877884,-1.1394001,0.2277133,0.07782664,-0.41600254,0.016369758,0.45,-1.0,0.525,2.35,1.0,-1.55,1.0,-0.78,0.0,0.5,0.525,0.0,-0.5,-0.5,1.0,3.14,0.0,0.0,0.0,0.0,1.0,-0.5,1.05,0.5,-1.5,1.05,-0.5,0.0,1.05,0.0,1.0,1.05,0.0,0.0,0.0,0.0,0.0
1.0375311,0.5055141,0.5289,-0.008045724,-0.044372603,-0.00049754337,0.012942557,-1.1489825,0.24749732,-0.756331,0.0037159682,-0.0047903694,0.45,-1.0,0.525,2.35,1.0,-1.55,1.0,-0.78,0.0,0.5,0.525,0.0,-0.5,-0.5,1.0,3.14,0.0,0.0,0.0,0.0,1.0,-0.5,1.05,0.5,-1.5,1.05,-0.5,0.0,1.05,0.0,1.0,1.05,0.0,0.0,0.0,0.0,0.0
1.0375487,0.46880805,0.53683966,-0.025499472,-0.044906694,-0.0034683417,-0.015297564,-1.1394782,0.23857762,-0.13927627,-0.04357852,-0.16965586,0.45,-1.0,0.525,2.35,1.0,-1.55,1.0,-0.78,0.0,0.5,0.525,0.0,-0.5,-0.5,1.0,3.14,0.0,0.0,0.0,0.0,1.0,-0.5,1.05,0.5,-1.5,1.05,-0.5,0.0,1.05,0.0,1.0,1.05,0.0,0.0,0.0,0.0,0.0
1.0369192,0.4302747,0.5450584,-0.028731251,-0.058272544,-0.004347397,-0.02582325,-1.1363163,0.24575943,0.11865973,-0.6258925,-0.017964896,0.45,-1.0,0.525,2.35,1.0,-1.55,1.0,-0.78,0.0,0.5,0.525,0.0,-0.5,-0.5,1.0,3.14,0.0,0.0,0.0,0.0,1.0,-0.5,1.05,0.5,-1.5,1.05,-0.5,0.0,1.05,0.0,1.0,1.05,0.0,0.0,0.0,0.0,0.0
1.0353644,0.39156413,0.5533631,-0.039394114,-0.05249985,-0.008299708,-0.057297193,-1.1389498,0.23750444,-0.7158535,1.4592327,-0.047469586,0.45,-1.0,0.525,2.35,1.0,-1.55,1.0,-0.78,0.0,0.5,0.525,0.0,-0.5,-0.5,1.0,3.14,0.0,0.0,0.0,0.0,1.0,-0.5,1.05,0.5,-1.5,1.05,-0.5,0.0,1.05,0.0,1.0,1.05,0.0,0.0,0.0,0.0,0.0
1.0333457,0.35520113,0.56018883,-0.04698301,-0.04482751,-0.007151653,-0.06840749,-1.1416963,0.19097982,0.4422601,-0.33514738,0.09421984,0.45,-1.0,0.525,2.35,1.0,-1.55,1.0,-0.78,0.0,0.5,0.525,0.0,-0.5,-0.5,1.0,3.14,0.0,0.0,0.0,0.0,1.0,-0.5,1.05,0.5,-1.5,1.05,-0.5,0.0,1.05,0.0,1.0,1.05,0.0,0.0,0.0,0.0,0.0
1.0308957,0.31666866,0.56545293,-0.066051066,-0.059421416,-0.0076882173,-0.063493975,-1.1269457,0.12297854,-1.8234043,-0.7189568,-0.023599857,0.45,-1.0,0.525,2.35,1.0,-1.55,1.0,-0.78,0.0,0.5,0.525,0.0,-0.5,-0.5,1.0,3.14,0.0,0.0,0.0,0.0,1.0,-0.5,1.05,0.5,-1.5,1.05,-0.5,0.0,1.05,0.0,1.0,1.05,0.0,0.0,0.0,0.0,0.0
1.0283847,0.2788804,0.56909394,-0.075791836,-0.043979898,-0.0054722517,-0.0821704,-1.1002016,0.101300746,0.09258666,1.1552794,0.2541334,0.45,-1.0,0.525,2.35,1.0,-1.55,1.0,-0.78,0.0,0.5,0.525,0.0,-0.5,-0.5,1.0,3.14,0.0,0.0,0.0,0.0,1.0,-0.5,1.05,0.5,-1.5,1.05,-0.5,0.0,1.05,0.0,1.0,1.05,0.0,0.0,0.0,0.0,0.0
1.0253887,0.24372569,0.5725482,-0.062020265,-0.03144856,0.0011733525,-0.08755598,-1.0915582,0.113397114,1.7039822,0.518225,0.21096617,0.45,-1.0,0.525,2.35,1.0,-1.55,1.0,-0.78,0.0,0.5,0.525,0.0,-0.5,-0.5,1.0,3.14,0.0,0.0,0.0,0.0,1.0,-0.5,1.05,0.5,-1.5,1.05,-0.5,0.0,1.05,0.0,1.0,1.05,0.0,0.0,0.0,0.0,0.0
1.0219027,0.20717613,0.5762705,-0.06546795,-0.044767845,0.007733706,-0.1094653,-1.063622,0.10646462,-1.1909562,-1.3572332,0.12395175,0.45,-1.0,0.525,2.35,1.0,-1.55,1.0,-0.78,0.0,0.5,0.525,0.0,-0.5,-0.5,1.0,3.14,0.0,0.0,0.0,0.0,1.0,-0.5,1.05,0.5,-1.5,1.05,-0.5,0.0,1.05,0.0,1.0,1.05,0.0,0.0,0.0,0.0,0.0
1.0178721,0.17134541,0.5800504,-0.083047695,-0.05469203,0.0077796257,-0.13160062,-1.0523251,0.10592008,-0.37153253,0.7398985,-0.05533205,0.45,-1.0,0.525,2.35,1.0,-1.55,1.0,-0.78,0.0,0.5,0.525,0.0,-0.5,-0.5,1.0,3.14,0.0,0.0,0.0,0.0,0.9309616,-0.36096898,1.05,0.5,-1.5,1.05,-0.5,0.0,1.05,0.0,1.0,1.05,1.0,0.0,0.0,0.0,0.0
1.0133054,0.13781866,0.5827563,-0.068857566,-0.06366994,0.009539481,-0.15201153,-1.0461258,0.060222752,0.659618,-0.15079108,0.09308567,0.45,-1.0,0.525,2.35,1.0,-1.55,1.0,-0.78,0.0,0.5,0.525,0.0,-0.5,-0.5,1.0,3.14,0.0,0.0,0.0,0.0,0.9309616,-0.36096898,1.05,0.5,-1.5,1.05,-0.5,0.0,1.05,0.0,1.0,1.05,1.0,0.0,0.0,0.0,0.0
1.008029,0.10219935,0.58371717,-0.074186295,-0.07618193,0.00975525,-0.16005985,-1.040302,0.0023816891,-1.4170266,-0.99781996,-0.014843527,0.45,-1.0,0.525,2.35,1.0,-1.55,1.0,-0.78,0.0,0.5,0.525,0.0,-0.5,-0.5,1.0,3.14,0.0,0.0,0.0,0.0,0.9309616,-0.36096898,1.05,0.5,-1.5,1.05,-0.5,0.0,1.05,0.0,1.0,1.05,1.0,0.0,0.0,0.0,0.0
1.0021914,0.06798392,0.58340234,-0.08540568,-0.06547379,0.0073474753,-0.1758497,-0.99444884,-0.026477333,0.0707554,1.3854829,-0.017003417,0.45,-1.0,0.525,2.35,1.0,-1.55,1.0,-0.78,0.0,0.5,0.525,0.0,-0.5,-0.5,1.0,3.14,0.0,0.0,0.0,0.0,0.9309616,-0.36096898,1.05,0.5,-1.5,1.05,-0.5,0.0,1.05,0.0,1.0,1.05,1.0,0.0,0.0,0.0,0.0
0.9962473,0.03642649,0.5827195,-0.07739072,-0.058102265,0.009629246,-0.19293411,-0.975367,-0.011396603,1.2205098,-0.24258281,-0.073382795,0.45,-1.0,0.525,2.35,1.0,-1.55,1.0,-0.78,0.0,0.5,0.525,0.0,-0.5,-0.5,1.0,3.14,0.0,0.0,0.0,0.0,0.9309616,-0.36096898,1.05,0.5,-1.5,1.05,-0.5,0.0,1.05,0.0,1.0,1.05,1.0,0.0,0.0,0.0,0.0
0.9893441,0.0038609665,0.5824671,-0.07000183,-0.075693026,0.010466953,-0.20824106,-0.9523585,-0.009335965,-1.1192065,-0.83526546,0.014316781,0.45,-1.0,0.525,2.35,1.0,-1.55,1.0,-0.78,0.0,0.5,0.525,0.0,-0.5,-0.5,1.0,3.14,0.0,0.0,0.0,0.0,0.9309616,-0.36096898,1.05,0.5,-1.5,1.05,-0.5,0.0,1.05,0.0,1.0,1.05,1.0,0.0,0.0,0.0,0.0
0.9817076,-0.027910715,0.58231246,-0.07245177,-0.0805644,0.008258961,-0.23492622,-0.9197517,-0.009767511,0.585937,0.6519977,-0.06259407,0.45,-1.0,0.525,2.35,1.0,-1.55,1.0,-0.78,0.0,0.5,0.525,0.0,-0.5,-0.5,1.0,3.14,0.0,0.0,0.0,0.0,0.9309616,-0.36096898,1.05,0.5,-1.5,1.05,-0.5,0.0,1.05,0.0,1.0,1.05,1.0,0.0,0.0,0.0,0.0
0.9733451,-0.05670938,0.58225596,-0.06638239,-0.08850705,0.006890619,-0.28058153,-0.8887978,0.007631017,0.72027916,-1.1677408,0.021783788,0.45,-1.0,0.525,2.35,1.0,-1.55,1.0,-0.78,0.0,0.5,0.525,0.0,-0.5,-0.5,1.0,3.14,0.0,0.0,0.0,0.0,0.9309616,-0.36096898,1.05,0.5,-1.5,1.05,-0.5,0.0,1.05,0.0,1.0,1.05,1.0,0.0,0.0,0.0,0.0
0.9630344,-0.0864479,0.5824683,-0.070312835,-0.08796971,0.009165164,-0.32039368,-0.86632586,0.007369039,-1.1601197,0.4270857,0.042517927,0.45,-1.0,0.525,2.35,1.0,-1.55,1.0,-0.78,0.0,0.5,0.525,0.0,-0.5,-0.5,1.0,3.14,0.0,0.0,0.0,0.0,0.9309616,-0.36096898,1.05,0.5,-1.5,1.05,-0.5,0.0,1.05,0.0,1.0,1.05,1.0,0.0,0.0,0.0,0.0
0.9519986,-0.11528567,0.58298796,-0.06324481,-0.0728752,0.007884477,-0.34089068,-0.8408985,0.019142626,1.362525,0.933416,-0.01949344,0.45,-1.0,0.525,2.35,1.0,-1.55,1.0,-0.78,0.0,0.5,0.525,0.0,-0.5,-0.5,1.0,3.14,0.0,0.0,0.0,0.0,0.9309616,-0.36096898,1.05,0.5,-1.5,1.05,-0.5,0.0,1.05,0.0,1.0,1.05,1.0,0.0,0.0,0.0,0.0
0.9405869,-0.14193384,0.5829676,-0.040659767,-0.07615753,0.00813182,-0.3662798,-0.82858753,-0.01627387,1.1586435,-1.132229,0.006126162,0.45,-1.0,0.525,2.35,1.0,-1.55,1.0,-0.78,0.0,0.5,0.525,0.0,-0.5,-0.5,1.0,3.14,0.0,0.0,0.0,0.0,0.9309616,-0.36096898,1.05,0.5,-1.5,1.05,-0.5,0.0,1.05,0.0,1.0,1.05,1.0,0.0,0.0,0.0,0.0
0.9274008,-0.1699926,0.58191586,-0.030936152,-0.08280957,0.007477835,-0.39579585,-0.82679826,-0.0435382,-0.6730534,0.3957322,-0.0017429196,0.45,-1.0,0.525,2.35,1.0,-1.55,1.0,-0.78,0.0,0.5,0.525,0.0,-0.5,-0.5,1.0,3.14,0.0,0.0,0.0,0.0,0.9309616,-0.36096898,1.05,0.5,-1.5,1.05,-0.5,0.0,1.05,0.0,1.0,1.05,1.0,0.0,0.0,0.0,0.0
0.914339,-0.19635415,0.58043265,-0.033651263,-0.05979424,0.0051159947,-0.41769162,-0.8127917,-0.045280606,0.2849588,1.5917766,0.086408466,0.45,-1.0,0.525,2.35,1.0,-1.55,1.0,-0.78,0.0,0.5,0.525,0.0,-0.5,-0.5,1.0,3.14,0.0,0.0,0.0,0.0,0.9309616,-0.36096898,1.05,0.5,-1.5,1.05,-0.5,0.0,1.05,0.0,1.0,1.05,1.0,0.0,0.0,0.0,0.0
0.89950764,-0.22404549,0.5786246,-0.025225325,-0.036404062,0.0044175223,-0.44398573,-0.8067822,-0.057013724,0.52094346,-0.32895327,0.030693943,0.45,-1.0,0.525,2.35,1.0,-1.55,1.0,-0.78,0.0,0.5,0.525,0.0,-0.5,-0.5,1.0,3.14,0.0,0.0,0.0,0.0,0.9309616,-0.36096898,1.05,0.5,-1.5,1.05,-0.5,0.0,1.05,0.0,1.0,1.05,1.0,0.0,0.0,0.0,0.0
0.8844553,-0.25151294,0.57670075,-0.03327336,-0.03200611,0.002033095,-0.431995,-0.8136652,-0.04699718,-1.4416931,0.05043857,0.11757399,0.45,-1.0,0.525,2.35,1.0,-1.55,1.0,-0.78,0.0,0.5,0.525,0.0,-0.5,-0.5,1.0,3.14,0.0,0.0,0.0,0.0,0.9309616,-0.36096898,1.05,0.5,-1.5,1.05,-0.5,0.0,1.05,0.0,1.0,1.05,1.0,0.0,0.0,0.0,0.0
0.9247108,1.0645508,0.06506604,0.0847704,0.08611248,0.086354345,0.0,0.0,0.0,0.0,0.0,0.0,0.45,-1.0,0.525,2.35,1.0,-1.55,1.0,-0.78,0.0,0.5,0.525,0.0,-0.5,-0.5,1.0,3.14,0.0,0.0,0.0,0.0,1.0,-0.5,1.05,0.5,-1.5,1.05,-0.5,0.0,1.05,0.0,1.0,1.05,0.0,0.0,0.0,0.0,0.0
